Model,Loss,Accuracy (Top-1),Top-3 Accuracy,Top-5 Accuracy,Top-10 Accuracy,Top-20 Accuracy
Popularity baseline,,0.051944482616462825,,0.24048371581695754,,
LSTM + Attention,2.691021203994751,0.2874810993671417,0.436581015586853,0.5216435194015503,0.6604369878768921,0.8502129912376404
Transformer,2.7090795040130615,0.29284045100212097,0.4367184340953827,0.5177958011627197,0.6560395956039429,0.8601071834564209
